task,user_action_and_explanation,observation
Search for a popular Pasta Sauce with more than 1000 reviews and a rating above 4 stars. Create a shopping list of ingredients for this recipe.,Going to https://www.allrecipes.com/,Went to https://www.allrecipes.com/
Search for a popular Pasta Sauce with more than 1000 reviews and a rating above 4 stars. Create a shopping list of ingredients for this recipe.,"type ""pasta sauce"" into the search bar with placeholder text 'Find a recipe or ingredient' to find a popular pasta sauce recipe that meets the criteria of having over 1000 reviews and a rating above 4 stars.","The user successfully found several pasta sauce recipes with ratings, and one of them, ""World's Best Pasta Sauce,"" meets the criteria of having more than 1000 reviews and a rating above 4 stars. This recipe has 1,078 ratings and a 5-star rating, making it a suitable choice for the current task."
Search for a popular Pasta Sauce with more than 1000 reviews and a rating above 4 stars. Create a shopping list of ingredients for this recipe.,"click on the ""World's Best Pasta Sauce!"" recipe to view its ingredients and ratings, since it meets the criteria with over 1000 reviews and a 5-star rating, making it suitable for creating a shopping list.","The user successfully accessed the ""World's Best Pasta Sauce"" recipe page. The recipe has a rating of 4.8 stars with 1,078 reviews. Ingredients are visible for creating a shopping list, including sweet Italian sausage, lean ground beef, minced onion, and garlic."
Search for a popular Pasta Sauce with more than 1000 reviews and a rating above 4 stars. Create a shopping list of ingredients for this recipe.,copy the list of ingredients visible under the 'Ingredients' section to create a shopping list from the recipe as they are essential for making the pasta sauce.,The search resulted in no matches because the input was treated as a search term instead of being utilized to create a shopping list. The user attempted to search the recipe ingredients instead of copying them to their list.
Search for a popular Pasta Sauce with more than 1000 reviews and a rating above 4 stars. Create a shopping list of ingredients for this recipe.,"go back to the ""World's Best Pasta Sauce!"" recipe page to accurately view and copy the list of ingredients, as this is necessary for creating your shopping list.","The user has successfully navigated back to the 'World's Best Pasta Sauce' recipe page. The list of ingredients is visible, allowing the user to create a shopping list. Key ingredients include 1 pound sweet Italian sausage, 3/4 pound lean ground beef, 1/2 cup minced onion, and 2 cloves of garlic."
Search for a popular Pasta Sauce with more than 1000 reviews and a rating above 4 stars. Create a shopping list of ingredients for this recipe.,"copy the text under the 'Ingredients' heading, which includes ingredients such as '1 pound sweet Italian sausage, sliced', '3/4 pound lean ground beef', '1/2 cup minced onion', and '2 cloves garlic, crushed'. This action is optimal to create a shopping list for the pasta sauce recipe.","The user attempted to copy the ingredients for the pasta sauce recipe but mistakenly treated the ingredient text as a search query in the AllRecipes search bar. The current page shows search results based on one of the ingredients ('1 pound sweet Italian sausage, sliced') rather than displaying the recipe page necessary for copying the entire ingredient list."
Search for a popular Pasta Sauce with more than 1000 reviews and a rating above 4 stars. Create a shopping list of ingredients for this recipe.,"click the back button in the browser or use the browser navigation to return to the 'World's Best Pasta Sauce!' recipe page. This action will allow you to copy the full ingredient list without interruption, enabling the creation of your shopping list.","The user successfully navigated back to the 'World's Best Pasta Sauce!' recipe page. The ingredients list is now fully visible for the user to copy, including '1 pound sweet Italian sausage, sliced', '3/4 pound lean ground beef', '1/2 cup minced onion', and '2 cloves garlic, crushed'. The user can now proceed to create their shopping list based on the ingredients provided on the recipe page."
Search for a popular Pasta Sauce with more than 1000 reviews and a rating above 4 stars. Create a shopping list of ingredients for this recipe.,click the 'Print' button next to the 'Save' option to open a printable version of the recipe. This is optimal for gathering the list of ingredients without mistakenly entering them into the search bar again.,"The user clicked the 'Print' button successfully. The ingredients are clearly listed on the page, allowing the user to create a shopping list efficiently. Key ingredients include '1 pound sweet Italian sausage, sliced', '3/4 pound lean ground beef', '1/2 cup minced onion', and '2 cloves garlic, crushed', among others. The printable format ensures no accidental searches or navigation errors occur."
Search for a popular Pasta Sauce with more than 1000 reviews and a rating above 4 stars. Create a shopping list of ingredients for this recipe.,"Changing URL parameters. To accomplish the task of finding a popular pasta sauce with over 1000 reviews and a rating above 4 stars, we should begin by exploring other pasta sauce recipes on the AllRecipes website. The URL provided links to a specific pasta sauce recipe, but we need a broader search to find the most popular ones. Navigating to the general pasta sauce category allows us to filter or browse recipes based on their popularity and ratings. This approach increases the likelihood of finding a highly-rated recipe with many reviews, which will help in creating an accurate shopping list based on a popular choice.",Went to https://www.allrecipes.com/recipes/17564/sauce/pasta-sauce/
Search for a popular Pasta Sauce with more than 1000 reviews and a rating above 4 stars. Create a shopping list of ingredients for this recipe.,"type ""World's Best Pasta Sauce"" in the search bar with placeholder text 'Find a recipe or ingredient' to navigate back to the correct recipe page and access the ingredients list again for creating your shopping list.","The user successfully reached the search results page showing the 'World's Best Pasta Sauce!' recipe at the top. The recipe has over 1,000 reviews and a strong rating. The user should click on this recipe to access the detailed list of ingredients necessary for creating their shopping list."
Search for a popular Pasta Sauce with more than 1000 reviews and a rating above 4 stars. Create a shopping list of ingredients for this recipe.,"click on the ""World's Best Pasta Sauce!"" link under the 'Meat Sauce' section to access the recipe page. This will allow viewing and copying the complete list of ingredients for the shopping list.","The user has successfully accessed the 'World's Best Pasta Sauce!' recipe page again. The ingredients list is visible, allowing the user to proceed with creating a shopping list. The recipe includes '1 pound sweet Italian sausage, sliced', '3/4 pound lean ground beef', '1/2 cup minced onion', and '2 cloves garlic, crushed'."
Search for a popular Pasta Sauce with more than 1000 reviews and a rating above 4 stars. Create a shopping list of ingredients for this recipe.,Summarizing last observations,"The most recent observations show that the user has successfully navigated back to the ""World's Best Pasta Sauce"" recipe page. The list of ingredients needed for creating a shopping list is clearly visible. Key ingredients include:

- 1 pound sweet Italian sausage, sliced
- 3/4 pound lean ground beef
- 1/2 cup minced onion
- 2 cloves garlic, crushed
- 1 (28 ounce) can crushed tomatoes
- 2 (6.5 ounce) cans tomato sauce
- 2 (6 ounce) cans tomato paste
- 1/2 cup water
- 2 tablespoons white sugar
- 1 1/2 teaspoons dried basil
- 1 teaspoon Italian seasoning
- 1/2 teaspoon fennel seed
- 1/2 teaspoon salt
- 1/4 teaspoon ground black pepper

This summary reflects the latest observations only. For full context, refer to the complete task history."